{
  "plotAtXY": {
    "miny": 3156149.458243503,
    "minx": 151239.7256004286,
    "bhucode": "14100743120241",
    "maxy": 3156347.938628527,
    "maxx": 151492.73165669158,
    "id": "wd-q4mkjQEuchapUVJyOUg",
    "kide": "146"
  },
  "getPlotByPlotNo": {
    "status": 200,
    "ct": "application/json",
    "len": 145,
    "body": "{\"miny\":3156149.458243503,\"minx\":151239.7256004286,\"maxy\":3156347.938628527,\"maxx\":151492.73165669158,\"id\":\"wd-q4mkjQEuchapUVJyOUg\",\"kide\":\"146\"}"
  }
}